{"Centroids":[[6,4],[12,15],[32,29]],"DataToClusterMapping":[1,2,0,1,1,2,0,1,2,0,1,2,0,1,2,0,1,2,0,1,2,0,1,2,0,1,2,0,1,2,0,1,2,0,1,2,0,1,2,0,1,2,0,1,2,0,1,2,0,1],"InClusterMaxDistance":[7.810249675906654,8,7.2801098892805181],"NumberOfClusters":3,"RawData":[[10,18],[34,28],[0,1],[4,15],[18,19],[28,28],[6,0],[18,10],[33,34],[7,9],[10,17],[33,26],[0,9],[17,19],[32,29],[1,3],[12,10],[32,27],[3,1],[17,19],[32,30],[4,9],[12,17],[32,31],[0,6],[17,11],[25,31],[6,4],[14,18],[33,25],[5,0],[13,14],[33,34],[1,5],[12,16],[32,31],[2,7],[12,14],[27,33],[9,2],[11,10],[34,25],[7,9],[12,15],[29,27],[8,4],[13,16],[29,31],[1,0],[11,12]]}